question,answer
"How do I unlock new levels in the game?","To unlock new levels, you need to complete the objectives and reach the required score in the current level."
"What are the system requirements for running the game?","The system requirements vary by game, but generally you need a modern processor, at least 8GB of RAM, and a dedicated graphics card."
"How can I customize my character in the game?","You can customize your character by accessing the 'Character' menu and choosing from available outfits, colors, and accessories."
"What should I do if I encounter a bug in the game?","If you encounter a bug, report it to the game's support team through the in-game feedback option or the official website."
"How can I earn in-game currency?","In-game currency can typically be earned by completing missions, winning matches, or logging in daily."
"Is there a multiplayer mode in the game?","Yes, many games offer a multiplayer mode where you can play with or against friends and other players online."
"How do I save my progress in the game?","Progress is usually saved automatically at checkpoints, but you can also save manually from the pause menu."
"Can I transfer my game progress to a new device?","Many games support cloud saving, which allows you to transfer your progress by logging into the same account on a new device."
"What are achievements and how do I earn them?","Achievements are special goals or milestones set by the developers; you earn them by completing specific tasks or challenges in the game."
"How do I access game settings or options?","To access game settings, go to the main menu and select 'Options' or 'Settings' to adjust audio, video, and controls."
"How do I reset my password if I forget it?","Click 'Forgot Password' on the login screen and follow the instructions sent to your registered email to reset it."
"Can I play the game offline?","Some games offer an offline mode with limited features, while others require an internet connection to play."
"How do I report another player for inappropriate behavior?","You can report a player by selecting their profile in-game and choosing the 'Report' option, then describing the issue."
"What payment methods are accepted for in-game purchases?","Most games accept credit cards, debit cards, and platform-specific wallets like Steam Wallet or PlayStation Wallet."
"How do I update the game to the latest version?","The game usually updates automatically through your platform's store, but you can also check for updates manually in the settings menu."
